{
    "accuracy": 0.9550748752079867,
    "precision": 0.8428571428571429,
    "recall": 0.7866666666666666,
    "auc": 0.944854245880862
}