{
    "accuracy": 0.9315789473684211,
    "precision": 0.7622377622377622,
    "recall": 0.7124183006535948,
    "auc": 0.929101191303945
}