{
    "accuracy": 0.9315789473684211,
    "precision": 0.7622377622377622,
    "recall": 1.0
}
